{
  "tiers": {
    "elite": 1.0,
    "vg": 1.11969,
    "vs": 1.181895,
    "val": 1.2441,
    "bul": 1.3299,
    "ho": 1.43
  }
}
